,Cod_SBS,Cod_Emp,Tip_Credit,Nivel2,Moneda,SubCodigoCuenta,Condicion,Val_Saldo,Clasif_deu,Cod_Cuenta
0,0038518267,00145,11,14,1,50302020000,014900,0000,0,14150302020000
1,0038518267,00140,11,81,1,30200000000,042700,0000,0,81130200000000
2,0038518267,00145,11,14,1,90301000000,000000,0000,0,14190301000000
3,0038518267,00145,11,81,1,92300000000,000000,0000,0,81192300000000
4,0029280002,00480,12,81,1,30200000000,623300,0000,0,81130200000000
5,0016584398,00480,12,81,1,30200000000,687900,0000,0,81130200000000
6,0016584398,00480,12,81,2,30200000000,799100,0000,0,81230200000000
7,0050957942,00001,10,81,1,30200000000,469700,0000,0,81130200000000
8,0015096683,00228,10,81,1,30200000000,520300,0000,0,81130200000000
9,0015096683,00228,10,81,1,30200000000,519600,0000,0,81130200000000
10,0015096683,00228,10,81,1,30200000000,518600,0000,0,81130200000000
11,0060727236,00228,10,81,1,30200000000,513800,0000,0,81130200000000
12,0010231183,00002,11,72,1,50603000000,000000,0000,0,72150603000000
13,0010231183,00002,11,81,1,92300000000,000000,0000,0,81192300000000
14,0031769230,00061,12,14,1,90306000000,000000,0000,0,14190306000000
15,0031769230,00061,12,14,1,80300000000,000000,0000,0,14180300000000
16,0031769230,00072,11,72,1,50603000000,000000,0000,0,72150603000000
17,0031769230,00061,12,81,1,93703010000,000000,0000,0,81193703010000
18,0031769230,00072,11,81,1,92300000000,000000,0000,0,81192300000000
19,0031769230,00061,12,14,1,10306030000,000000,0000,0,14110306030000
20,0021101117,00104,11,72,1,50303010000,000000,0000,0,72150303010000
21,0021101117,00061,12,14,1,80300000000,000000,0000,0,14180300000000
22,0021101117,00061,12,14,1,10306030000,000000,0000,0,14110306030000
23,0021101117,00104,99,84,1,40900000000,000000,0000,0,84140900000000
24,0021101117,00104,12,14,1,90306000000,000000,0000,0,14190306000000
25,0021101117,00104,12,14,1,80300000000,000000,0000,0,14180300000000
26,0021101117,00104,12,14,1,10313000000,000000,0000,0,14110313000000
27,0021101117,00104,11,14,1,80300000000,000000,0000,0,14180300000000
28,0021101117,00061,12,14,1,90306000000,000000,0000,0,14190306000000
29,0021101117,00061,12,81,1,93703010000,000000,0000,0,81193703010000
30,0021101117,00104,11,29,1,10101000000,000000,0000,0,29110101000000
31,0021101117,00104,11,14,1,10306010000,000000,0000,0,14110306010000
32,0021101117,00104,11,14,1,90306000000,000000,0000,0,14190306000000
33,0021101117,00104,11,81,1,93703010000,000000,0000,0,81193703010000
34,0054255306,00072,11,72,1,50603000000,000000,0000,0,72150603000000
35,0054255306,00072,11,14,1,90306000000,000000,0000,0,14190306000000
36,0054255306,00001,11,14,1,80300000000,000000,0000,0,14180300000000
37,0054255306,00104,12,14,1,90306000000,000000,0000,0,14190306000000
38,0054255306,00072,11,14,1,80300000000,000000,0000,0,14180300000000
39,0054255306,00104,12,81,1,93703010000,000000,0000,0,81193703010000
40,0054255306,00001,11,81,1,92300000000,000000,0000,0,81192300000000
41,0054255306,00072,11,81,1,92300000000,000000,0000,0,81192300000000
42,0054255306,00072,11,15,1,50102000000,000000,0000,0,15150102000000
43,0054255306,00129,11,81,1,92300000000,000000,0000,0,81192300000000
44,0054255306,00072,11,14,1,10302090000,000000,0000,0,14110302090000
45,0054255306,00104,12,14,1,10306030000,000000,0000,0,14110306030000
46,0054255306,00072,11,14,1,10302010000,000000,0000,0,14110302010000
47,0054255306,00129,11,72,1,50603000000,000000,0000,0,72150603000000
48,0054255306,00104,12,14,1,80300000000,000000,0000,0,14180300000000
49,0054255306,00001,11,72,1,50603000000,000000,0000,0,72150603000000
50,0054255306,00072,11,81,1,93703010000,000000,0000,0,81193703010000
51,0029331855,00391,12,81,1,30200000000,261600,0000,0,81130200000000
52,0019088693,00228,10,81,1,30200000000,585400,0000,0,81130200000000
53,0034134472,00001,13,14,1,80400000000,000000,0000,0,14180400000000
54,0034134472,00142,11,15,1,50102000000,000000,0000,0,15150102000000
55,0034134472,00001,13,84,1,40510000000,000000,0000,0,84140510000000
56,0034134472,00142,11,14,1,10302020000,000000,0000,0,14110302020000
57,0034134472,00001,13,84,1,40300000000,000000,0000,0,84140300000000
58,0034134472,00001,10,84,1,40201020000,001500,0000,0,84140201020000
59,0034134472,00142,11,72,1,50603000000,000000,0000,0,72150603000000
60,0034134472,00001,13,14,1,10423000000,000000,0000,0,14110423000000
61,0034134472,00142,11,81,1,92300000000,000000,0000,0,81192300000000
62,0012857349,00104,10,81,1,92500000000,000000,0000,0,81192500000000
63,0040885820,00002,11,81,1,30200000000,077800,0000,0,81130200000000
64,0040885820,00142,11,81,1,30200000000,137000,0000,0,81130200000000
65,0103266807,00101,09,84,1,40511000000,000000,0000,0,84140511000000
66,0103266807,00107,09,84,1,40900000000,000000,0000,0,84140900000000
67,0103266807,00101,09,81,1,80113010000,000000,0000,0,81180113010000
68,0103266807,00101,09,14,1,11306020000,000000,0000,0,14111306020000
69,0103266807,00101,09,81,1,80113020000,000000,0000,0,81180113020000
70,0103266807,00107,09,84,1,41000000000,000000,0000,0,84141000000000
71,0103266807,00101,09,14,1,81300000000,000000,0000,0,14181300000000
72,0103266807,00107,09,14,1,81300000000,000000,0000,0,14181300000000
73,0103266807,00107,09,14,1,11306020000,000000,0000,0,14111306020000
74,0138699242,00123,09,84,1,40511000000,000000,0000,0,84140511000000
75,0138699242,00123,09,81,1,80113020000,000000,0000,0,81180113020000
76,0138699242,00103,09,14,1,11306020000,000000,0000,0,14111306020000
77,0138699242,00123,09,84,1,41000000000,000000,0000,0,84141000000000
78,0138699242,00123,09,81,1,80113010000,000000,0000,0,81180113010000
79,0138699242,00123,09,72,1,50313000000,000000,0000,0,72150313000000
80,0138699242,00103,09,14,1,81300000000,000000,0000,0,14181300000000
81,0138699242,00123,09,84,1,40900000000,000000,0000,0,84140900000000
82,0138699242,00103,09,84,1,41000000000,000000,0000,0,84141000000000
83,0138699242,00123,09,14,1,11306020000,000000,0000,0,14111306020000
84,0138699242,00123,09,14,1,81300000000,000000,0000,0,14181300000000
85,0119530580,00004,09,81,1,30200000000,036900,0000,0,81130200000000
86,0119530580,00006,09,72,1,50613000000,000000,0000,0,72150613000000
87,0112495746,00001,10,14,1,10202090000,000000,0000,0,14110202090000
88,0112495746,00001,10,72,1,50602000000,000000,0000,0,72150602000000
89,0112495746,00001,10,81,1,93702010000,000000,0000,0,81193702010000
90,0112495746,00001,10,14,1,10206020000,000000,0000,0,14110206020000
91,0112495746,00001,10,29,1,10201000000,000000,0000,0,29110201000000
92,0112495746,00001,10,81,1,80102020000,000000,0000,0,81180102020000
93,0112495746,00001,10,14,1,80200000000,000000,0000,0,14180200000000
94,0112495746,00001,10,81,1,80102010000,000000,0000,0,81180102010000
95,0112495746,00001,10,14,1,10202010000,000000,0000,0,14110202010000
96,0112495746,00001,10,84,1,40511000000,000000,0000,0,84140511000000
97,0101647200,00001,10,14,1,10202010000,000000,0000,0,14110202010000
98,0101647200,00001,10,72,1,50602000000,000000,0000,0,72150602000000
99,0101647200,00004,99,84,2,40209000000,276000,0000,0,84240209000000
100,0101647200,00001,10,14,1,80200000000,000000,0000,0,14180200000000
101,0140371998,00001,10,81,1,30200000000,308600,0000,0,81130200000000
102,0100748207,00001,09,81,1,30200000000,256400,0000,0,81130200000000
103,0100748207,00278,10,81,1,92500000000,132800,0000,0,81192500000000
104,0114323357,00488,09,81,1,30200000000,228200,0000,0,81130200000000
105,0114323357,00001,09,81,1,30200000000,321900,0000,0,81130200000000
106,0095126405,00001,09,81,1,80113010000,000000,0000,0,81180113010000
107,0095126405,00001,09,84,1,40511000000,000000,0000,0,84140511000000
108,0095126405,00001,09,84,2,40201020000,051900,0000,0,84240201020000
109,0095126405,00001,09,14,1,11306090000,000000,0000,0,14111306090000
110,0095126405,00001,09,14,1,81300000000,000000,0000,0,14181300000000
111,0095126405,00001,09,81,1,80113020000,000000,0000,0,81180113020000
112,0126566280,00006,09,84,2,40201020000,000000,0000,0,84240201020000
113,0126566280,00006,09,14,1,11306020000,000000,0000,0,14111306020000
114,0126566280,00006,09,81,1,80113010000,000000,0000,0,81180113010000
115,0126566280,00006,09,81,1,80113020000,000000,0000,0,81180113020000
116,0126566280,00006,09,84,1,41000000000,000000,0000,0,84141000000000
117,0126566280,00006,09,14,1,81300000000,000000,0000,0,14181300000000
118,0126566280,00006,09,84,1,40511000000,000000,0000,0,84140511000000
119,0126566280,00006,09,72,1,50613000000,000000,0000,0,72150613000000
120,0164241521,00220,08,84,1,41000000000,000000,0000,0,84141000000000
121,0164241521,00220,08,71,1,20000000000,000000,0000,0,71120000000000
122,0118044487,00001,09,81,1,80113010000,000000,0000,0,81180113010000
123,0118044487,00001,09,29,1,10201000000,000000,0000,0,29110201000000
124,0118044487,00001,09,14,1,11306020000,000000,0000,0,14111306020000
125,0118044487,00001,09,81,1,80113020000,000000,0000,0,81180113020000
126,0118044487,00001,09,84,1,40511000000,000000,0000,0,84140511000000
127,0103278511,00001,10,81,1,30200000000,329600,0000,0,81130200000000
128,0136472470,00001,09,14,1,81300000000,000000,0000,0,14181300000000
129,0136472470,00001,09,14,1,11306090000,000000,0000,0,14111306090000
130,0136472470,00001,09,84,2,40201020000,032700,0000,0,84240201020000
131,0136472470,00001,09,81,1,80113010000,000000,0000,0,81180113010000
132,0136472470,00001,09,81,1,80113020000,000000,0000,0,81180113020000
133,0136472470,00001,09,84,1,40511000000,000000,0000,0,84140511000000
134,0136472470,00001,09,84,2,40900000000,000000,0000,0,84240900000000
135,0106924783,00006,08,14,1,11206020000,000000,0000,0,14111206020000
136,0106924783,00006,08,84,1,41000000000,000000,0000,0,84141000000000
137,0106924783,00001,08,81,1,80112020000,000000,0000,0,81180112020000
138,0106924783,00006,08,84,2,40201020000,000000,0000,0,84240201020000
139,0106924783,00006,08,81,1,80112010000,000000,0000,0,81180112010000
140,0106924783,00006,08,81,1,93712010000,000000,0000,0,81193712010000
141,0106924783,00006,08,84,1,40511000000,000000,0000,0,84140511000000
142,0106924783,00001,08,84,1,40511000000,000000,0000,0,84140511000000
143,0106924783,00001,08,14,1,11206020000,000000,0000,0,14111206020000
144,0106924783,00001,08,81,1,80112010000,000000,0000,0,81180112010000
145,0106924783,00006,08,72,1,50312000000,000000,0000,0,72150312000000
146,0106924783,00001,08,14,1,81200000000,112100,0000,0,14181200000000
147,0106924783,00006,08,81,1,80112020000,000000,0000,0,81180112020000
148,0106924783,00006,08,14,1,11206010000,000000,0000,0,14111206010000
149,0106924783,00006,08,14,1,81200000000,000000,0000,0,14181200000000
150,0106924783,00001,08,29,1,10201000000,000000,0000,0,29110201000000
151,0099096730,00001,09,81,1,30200000000,277800,0000,0,81130200000000
152,0099096730,00001,09,81,1,30200000000,141500,0000,0,81130200000000
153,0099096730,00001,09,84,2,40201020000,070000,0000,0,84240201020000
154,0098083952,00006,08,72,1,50612000000,000000,0000,0,72150612000000
155,0098083952,00001,08,14,1,11206020000,000000,0000,0,14111206020000
156,0098083952,00001,08,81,1,80112020000,000000,0000,0,81180112020000
157,0098083952,00001,08,84,1,40511000000,000000,0000,0,84140511000000
158,0098083952,00004,08,84,1,41000000000,000000,0000,0,84141000000000
159,0098083952,00001,08,81,1,93712010000,000000,0000,0,81193712010000
160,0098083952,00001,08,29,1,10201000000,000000,0000,0,29110201000000
161,0098083952,00004,08,81,1,93712010000,000000,0000,0,81193712010000
162,0098083952,00006,08,14,1,11202000000,000000,0000,0,14111202000000
163,0098083952,00006,08,14,1,11206020000,000000,0000,0,14111206020000
164,0098083952,00004,08,14,1,11206020000,000000,0000,0,14111206020000
165,0098083952,00001,08,81,1,80112010000,000000,0000,0,81180112010000
166,0098083952,00006,08,81,1,93712010000,000000,0000,0,81193712010000
167,0098083952,00006,08,14,1,81200000000,000000,0000,0,14181200000000
168,0098083952,00006,08,72,1,50312000000,000000,0000,0,72150312000000
169,0098083952,00004,08,14,1,81200000000,000000,0000,0,14181200000000
170,0107079149,00004,99,15,2,50900000000,000000,0000,0,15250900000000
171,0101343588,00006,99,84,2,40201020000,000000,0000,0,84240201020000
172,0108084367,00006,99,15,2,50900000000,000000,0000,0,15250900000000
173,0157694413,00001,09,14,1,11306020000,000000,0000,0,14111306020000
174,0157694413,00001,09,81,1,93713010000,000000,0000,0,81193713010000
175,0157694413,00001,09,14,1,81300000000,000000,0000,0,14181300000000
176,0157694413,00001,09,84,2,40201020000,019500,0000,0,84240201020000
177,0118107080,00006,09,14,1,81300000000,000000,0000,0,14181300000000
178,0118107080,00006,09,84,1,40511000000,000000,0000,0,84140511000000
179,0118107080,00006,09,14,1,11306020000,000000,0000,0,14111306020000
180,0118107080,00006,09,81,1,80113010000,000000,0000,0,81180113010000
181,0118107080,00006,09,84,1,41000000000,000000,0000,0,84141000000000
182,0118107080,00006,09,81,1,80113020000,000000,0000,0,81180113020000
183,0107622489,00123,09,84,1,40900000000,000000,0000,0,84140900000000
184,0107622489,00123,09,81,1,93713010000,000000,0000,0,81193713010000
185,0107622489,00001,09,81,1,80113020000,000000,0000,0,81180113020000
186,0107622489,00001,09,72,1,50613000000,000000,0000,0,72150613000000
187,0107622489,00123,09,14,1,81300000000,000000,0000,0,14181300000000
188,0107622489,00123,09,29,1,10205000000,000000,0000,0,29110205000000
189,0107622489,00001,09,14,1,11306020000,000000,0000,0,14111306020000
190,0107622489,00001,09,84,1,40511000000,000000,0000,0,84140511000000
191,0107622489,00123,09,14,1,11306020000,000000,0000,0,14111306020000
192,0107622489,00001,09,14,1,11302000000,000000,0000,0,14111302000000
193,0107622489,00001,09,81,1,80113010000,000000,0000,0,81180113010000
194,0107622489,00001,09,14,1,81300000000,000000,0000,0,14181300000000
195,0107622489,00001,09,81,1,93713010000,000000,0000,0,81193713010000
196,0107622489,00001,09,29,1,10201000000,000000,0000,0,29110201000000
197,0107622489,00123,09,84,1,41000000000,000000,0000,0,84141000000000
198,0130843514,00001,09,14,2,11304000000,000000,0000,0,14211304000000
199,0130843514,00001,09,14,1,11304000000,000000,0000,0,14111304000000
200,0130843514,00001,09,81,1,80113020000,000000,0000,0,81180113020000
201,0130843514,00001,09,14,1,81300000000,000000,0000,0,14181300000000
202,0130843514,00001,09,84,1,40511000000,000000,0000,0,84140511000000
203,0130843514,00001,09,81,1,80113010000,000000,0000,0,81180113010000
204,0130843514,00001,09,14,1,11306090000,000000,0000,0,14111306090000
205,0100324644,00001,09,81,1,30200000000,325200,0000,0,81130200000000
206,0100324644,00486,09,81,1,30200000000,113600,0000,0,81130200000000
207,0110759355,00001,10,14,1,10204000000,000000,0000,0,14110204000000
208,0110759355,00001,10,14,1,90201000000,000000,0000,0,14190201000000
209,0132674337,00006,09,14,1,11306020000,000000,0000,0,14111306020000
210,0132674337,00004,08,81,1,80112010000,000000,0000,0,81180112010000
211,0132674337,00004,08,14,1,81200000000,000000,0000,0,14181200000000
212,0132674337,00006,09,81,1,80113020000,000000,0000,0,81180113020000
213,0132674337,00006,09,84,1,41000000000,000000,0000,0,84141000000000
214,0132674337,00006,09,81,1,80113010000,000000,0000,0,81180113010000
215,0132674337,00004,08,14,1,11206020000,000000,0000,0,14111206020000
216,0132674337,00006,09,84,1,40511000000,000000,0000,0,84140511000000
217,0132674337,00006,09,14,1,81300000000,000000,0000,0,14181300000000
218,0132674337,00004,08,84,2,41000000000,000000,0000,0,84241000000000
219,0132674337,00004,08,81,1,80112020000,000000,0000,0,81180112020000
220,0034210187,00006,08,84,2,40201020000,000000,0000,0,84240201020000
221,0034210187,00006,08,81,1,93712010000,000000,0000,0,81193712010000
222,0034210187,00006,08,72,1,50612000000,000000,0000,0,72150612000000
223,0034210187,00006,08,14,1,11211000000,000000,0000,0,14111211000000
224,0034210187,00006,08,84,1,40511000000,000000,0000,0,84140511000000
225,0034210187,00006,08,81,1,80112010000,000000,0000,0,81180112010000
226,0034210187,00006,08,14,2,11202000000,000000,0000,0,14211202000000
227,0034210187,00006,08,84,1,41000000000,000000,0000,0,84141000000000
228,0034210187,00006,08,81,1,80112020000,000000,0000,0,81180112020000
229,0034210187,00006,08,14,1,81200000000,000000,0000,0,14181200000000
230,0034210187,00006,08,14,1,11206020000,000000,0000,0,14111206020000
231,0034210187,00006,08,84,1,40209000000,000000,0000,0,84140209000000
232,0153387907,00006,08,72,1,50612000000,000000,0000,0,72150612000000
233,0153387907,00006,08,15,1,50900000000,000000,0000,0,15150900000000
234,0153387907,00006,08,14,1,11206020000,000000,0000,0,14111206020000
235,0153387907,00006,08,84,2,40201020000,000000,0000,0,84240201020000
236,0153387907,00006,08,84,1,41000000000,000000,0000,0,84141000000000
237,0153387907,00006,08,14,1,11202000000,000000,0000,0,14111202000000
238,0153387907,00006,08,14,1,81200000000,000000,0000,0,14181200000000
239,0120286030,00001,09,72,1,50613000000,000000,0000,0,72150613000000
240,0120286030,00006,09,14,1,81300000000,000000,0000,0,14181300000000
241,0120286030,00006,09,84,1,40511000000,000000,0000,0,84140511000000
242,0120286030,00006,09,81,1,80113020000,000000,0000,0,81180113020000
243,0120286030,00006,09,81,1,80113010000,000000,0000,0,81180113010000
244,0120286030,00006,09,84,1,41000000000,000000,0000,0,84141000000000
245,0120286030,00006,09,14,1,11306020000,000000,0000,0,14111306020000
246,0130849423,00001,08,14,1,81200000000,000000,0000,0,14181200000000
247,0130849423,00001,08,29,1,10201000000,000000,0000,0,29110201000000
248,0130849423,00006,08,81,1,80112010000,000000,0000,0,81180112010000
249,0130849423,00001,08,81,1,80112020000,000000,0000,0,81180112020000
250,0130849423,00001,08,84,2,40201020000,031300,0000,0,84240201020000
251,0130849423,00006,08,84,1,40511000000,000000,0000,0,84140511000000
252,0130849423,00001,08,81,1,80112010000,000000,0000,0,81180112010000
253,0130849423,00001,08,84,1,40511000000,000000,0000,0,84140511000000
254,0130849423,00006,08,81,1,80112020000,000000,0000,0,81180112020000
255,0130849423,00006,08,14,1,81200000000,000000,0000,0,14181200000000
256,0130849423,00001,08,72,1,50612000000,000000,0000,0,72150612000000
257,0130849423,00006,08,84,1,41000000000,000000,0000,0,84141000000000
258,0130849423,00001,08,14,1,11206020000,000000,0000,0,14111206020000
259,0130849423,00006,08,14,1,11206020000,000000,0000,0,14111206020000
260,0066644430,00126,99,84,2,41000000000,000000,0000,0,84241000000000
261,0066644430,00002,99,84,2,40208000000,000000,0000,0,84240208000000
262,0116038781,00002,08,14,1,91201000000,143200,0000,0,14191201000000
263,0116038781,00002,08,14,1,61206020000,143200,0000,0,14161206020000
264,0116038781,00002,08,29,1,10106000000,143200,0000,0,29110106000000
265,0116038781,00002,08,84,1,41000000000,000000,0000,0,84141000000000
266,0116038781,00001,08,81,1,30200000000,261300,0000,0,81130200000000
267,0116038781,00002,08,84,2,40201020000,249900,0000,0,84240201020000
268,0132719071,00004,09,14,1,91301000000,000000,0000,0,14191301000000
269,0132719071,00004,09,14,1,61306020000,195700,0000,0,14161306020000
270,0132719071,00396,09,14,1,61306020000,210200,0000,0,14161306020000
271,0132719071,00396,09,14,1,91301000000,210200,0000,0,14191301000000
272,0136014854,00001,10,14,1,90201000000,000000,0000,0,14190201000000
273,0136014854,00001,10,81,1,93702010000,000000,0000,0,81193702010000
274,0136014854,00001,10,14,1,10202010000,002400,0000,0,14110202010000
275,0136014854,00001,10,14,1,10202090000,002400,0000,0,14110202090000
276,0136014854,00001,10,14,1,80200000000,002400,0000,0,14180200000000
277,0136014854,00001,10,72,1,50602000000,000000,0000,0,72150602000000
278,0103296552,00001,09,81,1,30200000000,345700,0000,0,81130200000000
279,0103296552,00006,99,15,2,50900000000,000000,0000,0,15250900000000
280,0144816773,00001,09,81,1,30200000000,222800,0000,0,81130200000000
281,0135434078,00001,10,29,1,10201000000,000000,0000,0,29110201000000
282,0135434078,00103,10,84,1,41000000000,000000,0000,0,84141000000000
283,0135434078,00103,10,14,1,80200000000,000000,0000,0,14180200000000
284,0135434078,00001,10,14,1,10206020000,000000,0000,0,14110206020000
285,0135434078,00001,10,81,1,80102020000,000000,0000,0,81180102020000
286,0135434078,00103,99,84,1,40900000000,000000,0000,0,84140900000000
287,0135434078,00001,10,81,1,80102010000,000000,0000,0,81180102010000
288,0135434078,00103,10,81,1,93702010000,000000,0000,0,81193702010000
289,0135434078,00103,10,14,1,10206020000,000000,0000,0,14110206020000
290,0135434078,00001,10,84,1,40511000000,000000,0000,0,84140511000000
291,0124535719,00006,09,72,1,50613000000,000000,0000,0,72150613000000
292,0124535719,00006,09,81,1,93713010000,000000,0000,0,81193713010000
293,0124535719,00006,09,14,1,91301000000,000000,0000,0,14191301000000
294,0124535719,00006,09,81,1,93905020000,000000,0000,0,81193905020000
295,0124535719,00006,09,14,1,51302000000,009700,0000,0,14151302000000
296,0124535719,00006,09,81,1,93905010000,000000,0000,0,81193905010000
297,0124535719,00006,09,15,1,50900000000,000000,0000,0,15150900000000
298,0124535719,00006,09,84,1,40512000000,000000,0000,0,84140512000000
299,0098096795,00001,08,14,1,11202000000,000000,0000,0,14111202000000
300,0098096795,00001,08,81,1,80112010000,000000,0000,0,81180112010000
301,0098096795,00001,08,29,1,10201000000,000000,0000,0,29110201000000
302,0098096795,00001,08,14,1,81200000000,000000,0000,0,14181200000000
303,0098096795,00006,08,84,1,41000000000,000000,0000,0,84141000000000
304,0098096795,00001,08,81,1,80112020000,000000,0000,0,81180112020000
305,0098096795,00001,08,84,1,40511000000,000000,0000,0,84140511000000
306,0098096795,00006,08,14,1,81200000000,000000,0000,0,14181200000000
307,0098096795,00001,08,72,1,50612000000,000000,0000,0,72150612000000
308,0098096795,00001,08,81,1,93712010000,000000,0000,0,81193712010000
309,0098096795,00001,08,84,2,40201020000,004700,0000,0,84240201020000
310,0098096795,00001,08,84,2,40201020000,019500,0000,0,84240201020000
311,0098096795,00006,08,14,1,11206020000,000000,0000,0,14111206020000
312,0098096795,00006,08,84,2,40201020000,000000,0000,0,84240201020000
313,0098096795,00001,08,14,1,11206020000,000000,0000,0,14111206020000
314,0094045878,00006,09,81,1,80113010000,000000,0000,0,81180113010000
315,0094045878,00006,09,84,1,40511000000,000000,0000,0,84140511000000
316,0094045878,00006,09,14,1,81300000000,000000,0000,0,14181300000000
317,0094045878,00006,09,84,1,41000000000,000000,0000,0,84141000000000
318,0094045878,00006,09,81,1,80113020000,000000,0000,0,81180113020000
319,0094045878,00006,09,14,1,11306020000,000000,0000,0,14111306020000
320,0104715974,00001,09,81,1,30200000000,160300,0000,0,81130200000000
321,0104715974,00001,09,81,1,30200000000,073600,0000,0,81130200000000
322,0102666461,00001,09,84,2,40201020000,019500,0000,0,84240201020000
323,0102666461,00001,09,14,1,91301000000,000000,0000,0,14191301000000
324,0102666461,00001,09,14,1,61306020000,191900,0000,0,14161306020000
325,0102666461,00001,09,14,1,61306090000,191000,0000,0,14161306090000
326,0100785846,00001,09,81,1,30200000000,436700,0000,0,81130200000000
327,0113525711,00004,08,84,2,41000000000,000000,0000,0,84241000000000
328,0113525711,00004,08,81,1,80112010000,000000,0000,0,81180112010000
329,0113525711,00004,08,84,1,40511000000,000000,0000,0,84140511000000
330,0113525711,00001,08,84,1,41000000000,000000,0000,0,84141000000000
331,0113525711,00001,08,84,1,40201020000,019500,0000,0,84140201020000
332,0113525711,00004,08,81,1,80112020000,000000,0000,0,81180112020000
333,0113525711,00004,08,84,1,40209000000,000000,0000,0,84140209000000
334,0113525711,00001,08,14,1,11206020000,000000,0000,0,14111206020000
335,0113525711,00004,08,14,1,11211000000,000000,0000,0,14111211000000
336,0113525711,00001,08,81,1,80112010000,000000,0000,0,81180112010000
337,0113525711,00001,08,29,1,10201000000,000000,0000,0,29110201000000
338,0113525711,00001,08,84,1,40511000000,000000,0000,0,84140511000000
339,0113525711,00184,08,84,2,40201020000,000000,0000,0,84240201020000
340,0113525711,00001,08,84,2,40201020000,019500,0000,0,84240201020000
341,0113525711,00004,08,14,1,11206020000,000000,0000,0,14111206020000
342,0113525711,00004,08,14,1,81200000000,000000,0000,0,14181200000000
343,0113525711,00001,08,14,1,81200000000,000000,0000,0,14181200000000
344,0113525711,00001,08,81,1,80112020000,000000,0000,0,81180112020000
345,0121918161,00004,10,16,1,20301000000,000000,0000,0,16120301000000
346,0121918161,00004,10,16,1,20302000000,000000,0000,0,16120302000000
347,0121918161,00004,10,16,1,90200000000,000000,0000,0,16190200000000
348,0121918161,00004,10,81,1,30200000000,021000,0000,0,81130200000000
349,0102411366,00001,10,81,1,30200000000,325200,0000,0,81130200000000
350,0127598860,00001,10,72,1,50602000000,000000,0000,0,72150602000000
351,0136361139,00006,10,72,1,50602000000,000000,0000,0,72150602000000
352,0096776055,00001,08,14,1,81200000000,000000,0000,0,14181200000000
353,0096776055,00006,08,14,1,11206020000,000000,0000,0,14111206020000
354,0096776055,00001,08,81,1,93712010000,000000,0000,0,81193712010000
355,0096776055,00006,08,84,1,40511000000,000000,0000,0,84140511000000
356,0096776055,00001,08,84,1,40511000000,000000,0000,0,84140511000000
357,0096776055,00001,08,81,1,80112010000,000000,0000,0,81180112010000
358,0096776055,00001,08,84,2,40201020000,044800,0000,0,84240201020000
359,0096776055,00001,08,14,1,11206020000,000000,0000,0,14111206020000
360,0096776055,00001,08,81,1,80112020000,000000,0000,0,81180112020000
361,0096776055,00006,08,14,1,81200000000,000000,0000,0,14181200000000
362,0096776055,00001,08,29,1,10201000000,000000,0000,0,29110201000000
363,0096776055,00006,08,84,1,41000000000,000000,0000,0,84141000000000
364,0096776055,00006,08,81,1,80112010000,000000,0000,0,81180112010000
365,0096776055,00006,08,81,1,80112020000,000000,0000,0,81180112020000
366,0096776055,00001,08,84,1,41000000000,000000,0000,0,84141000000000
367,0163460726,00001,10,72,1,50602000000,000000,0000,0,72150602000000
368,0145401283,00001,10,81,1,80102020000,000000,0000,0,81180102020000
369,0145401283,00001,10,14,1,10206020000,000000,0000,0,14110206020000
370,0145401283,00001,10,84,1,40511000000,000000,0000,0,84140511000000
371,0145401283,00001,10,14,1,80200000000,000000,0000,0,14180200000000
372,0145401283,00001,10,81,1,80102010000,000000,0000,0,81180102010000
373,0145401283,00001,10,72,1,50602000000,000000,0000,0,72150602000000
374,0145401283,00001,10,84,2,40900000000,000000,0000,0,84240900000000
375,0112550712,00001,09,81,1,30200000000,362700,0000,0,81130200000000
376,0123556704,00001,10,14,1,10204000000,000000,0000,0,14110204000000
377,0107703063,00001,08,14,1,81200000000,000000,0000,0,14181200000000
378,0107703063,00082,08,14,1,11206020000,000000,0000,0,14111206020000
379,0107703063,00082,08,84,1,40208000000,094300,0000,0,84140208000000
380,0107703063,00185,08,14,2,11206020000,000000,0000,0,14211206020000
381,0107703063,00185,08,84,2,41000000000,000000,0000,0,84241000000000
382,0107703063,00082,08,29,1,10201000000,000000,0000,0,29110201000000
383,0107703063,00055,08,84,2,41000000000,000000,0000,0,84241000000000
384,0107703063,00082,08,14,1,81200000000,000000,0000,0,14181200000000
385,0107703063,00185,08,14,2,81200000000,000000,0000,0,14281200000000
386,0107703063,00185,08,84,2,40209000000,000000,0000,0,84240209000000
387,0107703063,00082,08,84,2,41000000000,000000,0000,0,84241000000000
388,0107703063,00001,08,14,1,11202000000,000000,0000,0,14111202000000
389,0107703063,00082,08,81,1,93712010000,000000,0000,0,81193712010000
390,0107703063,00006,08,72,1,50612000000,000000,0000,0,72150612000000
391,0107703063,00185,08,81,2,93712010000,000000,0000,0,81293712010000
392,0107703063,00082,08,84,1,40208000000,000000,0000,0,84140208000000
393,0107703063,00184,08,84,2,40209000000,000000,0000,0,84240209000000
394,0107703063,00184,08,84,2,40208000000,000000,0000,0,84240208000000
395,0107703063,00082,08,84,2,40201020000,068700,0000,0,84240201020000
396,0107703063,00185,08,14,2,91205000000,000000,0000,0,14291205000000
397,0107703063,00082,08,81,1,80112010000,000000,0000,0,81180112010000
398,0107703063,00082,08,84,1,40511000000,000000,0000,0,84140511000000
399,0107703063,00082,08,14,1,11211000000,000000,0000,0,14111211000000
400,0107703063,00185,08,84,2,40900000000,000000,0000,0,84240900000000
401,0107703063,00001,08,72,1,50612000000,000000,0000,0,72150612000000
402,0107703063,00001,08,81,1,93712010000,000000,0000,0,81193712010000
403,0132624356,00123,09,84,1,41000000000,000000,0000,0,84141000000000
404,0132624356,00006,09,81,1,80113020000,000000,0000,0,81180113020000
405,0132624356,00006,09,14,1,11306020000,000000,0000,0,14111306020000
406,0132624356,00006,09,81,1,80113010000,000000,0000,0,81180113010000
407,0132624356,00123,09,84,1,40900000000,000000,0000,0,84140900000000
408,0132624356,00006,09,84,1,41000000000,000000,0000,0,84141000000000
409,0132624356,00006,09,14,1,81300000000,000000,0000,0,14181300000000
410,0132624356,00123,09,14,1,11306020000,000000,0000,0,14111306020000
411,0132624356,00123,09,14,1,81300000000,000000,0000,0,14181300000000
412,0132624356,00006,09,84,1,40511000000,000000,0000,0,84140511000000
413,0102358384,00001,09,81,1,80113010000,000000,0000,0,81180113010000
414,0102358384,00001,09,72,1,50613000000,000000,0000,0,72150613000000
415,0102358384,00001,09,14,1,11302000000,000000,0000,0,14111302000000
416,0102358384,00001,09,14,1,81300000000,000000,0000,0,14181300000000
417,0102358384,00001,09,29,1,10201000000,000000,0000,0,29110201000000
418,0102358384,00001,09,81,1,93713010000,000000,0000,0,81193713010000
419,0102358384,00001,09,81,1,80113020000,000000,0000,0,81180113020000
420,0102358384,00001,09,84,1,40511000000,000000,0000,0,84140511000000
421,0102358384,00001,09,14,1,11306020000,000000,0000,0,14111306020000
422,0135667510,00004,09,14,1,81300000000,000000,0000,0,14181300000000
423,0135667510,00004,09,14,1,11306020000,000000,0000,0,14111306020000
424,0135667510,00004,09,72,1,50313000000,000000,0000,0,72150313000000
425,0135667510,00004,09,81,1,93713010000,000000,0000,0,81193713010000
426,0095172679,00001,10,81,1,30200000000,361700,0000,0,81130200000000
427,0125228372,00006,09,14,1,11306020000,000000,0000,0,14111306020000
428,0125228372,00106,09,14,1,81300000000,000000,0000,0,14181300000000
429,0125228372,00006,09,14,1,81300000000,000000,0000,0,14181300000000
430,0125228372,00106,09,81,1,80113020000,000000,0000,0,81180113020000
431,0125228372,00006,09,84,1,41000000000,000000,0000,0,84141000000000
432,0125228372,00006,09,81,1,80113020000,000000,0000,0,81180113020000
433,0125228372,00006,09,81,1,80113010000,000000,0000,0,81180113010000
434,0125228372,00106,09,84,1,40511000000,000000,0000,0,84140511000000
435,0125228372,00106,09,14,1,11306020000,000000,0000,0,14111306020000
436,0125228372,00006,09,84,1,40511000000,000000,0000,0,84140511000000
437,0125228372,00001,09,72,1,50613000000,000000,0000,0,72150613000000
438,0125228372,00106,09,84,1,41000000000,000000,0000,0,84141000000000
439,0125228372,00106,09,81,1,80113010000,000000,0000,0,81180113010000
440,0162901788,00004,08,81,1,93712010000,000000,0000,0,81193712010000
441,0162901788,00004,08,81,1,80112020000,000000,0000,0,81180112020000
442,0162901788,00004,08,14,1,11206020000,000000,0000,0,14111206020000
443,0162901788,00004,08,72,1,50312000000,000000,0000,0,72150312000000
444,0162901788,00004,08,81,1,80112010000,000000,0000,0,81180112010000
445,0162901788,00004,08,84,1,40900000000,033600,0000,0,84140900000000
446,0162901788,00004,08,14,1,81200000000,000000,0000,0,14181200000000
447,0162901788,00004,08,84,1,40900000000,034300,0000,0,84140900000000
448,0162901788,00004,08,15,2,50900000000,000000,0000,0,15250900000000
449,0167097774,00002,09,84,1,41000000000,000000,0000,0,84141000000000
450,0167097774,00002,09,81,1,93713010000,000000,0000,0,81193713010000
451,0167097774,00001,09,84,1,40511000000,000000,0000,0,84140511000000
452,0167097774,00006,09,72,1,50613000000,000000,0000,0,72150613000000
453,0167097774,00006,09,81,1,93713010000,000000,0000,0,81193713010000
454,0167097774,00001,09,81,1,80113010000,000000,0000,0,81180113010000
455,0167097774,00001,09,29,1,10201000000,000000,0000,0,29110201000000
456,0167097774,00006,09,81,1,93902010000,000000,0000,0,81193902010000
457,0167097774,00001,09,81,1,80113020000,000000,0000,0,81180113020000
458,0167097774,00001,09,14,1,11306020000,000000,0000,0,14111306020000
459,0167097774,00006,09,84,1,40512000000,000000,0000,0,84140512000000
460,0167097774,00006,09,81,1,93902020000,000000,0000,0,81193902020000
461,0167097774,00001,09,81,1,93713010000,000000,0000,0,81193713010000
462,0167097774,00006,09,15,1,50900000000,000000,0000,0,15150900000000
463,0167097774,00002,09,14,1,11306020000,000000,0000,0,14111306020000
464,0167097774,00002,09,14,1,81300000000,000000,0000,0,14181300000000
465,0167097774,00006,09,14,1,81300000000,000000,0000,0,14181300000000
466,0167097774,00006,09,14,1,11302000000,000000,0000,0,14111302000000
467,0167097774,00006,09,14,1,11304000000,000000,0000,0,14111304000000
468,0113627581,00004,09,84,1,40201020000,054600,0000,0,84140201020000
469,0113627581,00004,09,14,1,61319060000,016700,0000,0,14161319060000
470,0113627581,00004,09,14,1,91301000000,000000,0000,0,14191301000000
471,0088189639,00001,07,14,2,11106090000,000000,0000,0,14211106090000
472,0088189639,00001,07,14,1,81100000000,000000,0000,0,14181100000000
473,0088189639,00001,07,14,2,11111000000,000000,0000,0,14211111000000
474,0088189639,00006,08,14,2,11211000000,000000,0000,0,14211211000000
475,0088189639,00001,07,84,2,40900000000,000000,0000,0,84240900000000
476,0088189639,00006,08,14,2,81200000000,000000,0000,0,14281200000000
477,0088189639,00002,07,84,1,41000000000,000000,0000,0,84141000000000
478,0088189639,00001,07,29,2,10201000000,000000,0000,0,29210201000000
479,0088189639,00002,07,14,2,11106090000,000000,0000,0,14211106090000
480,0088189639,00001,07,81,1,80111020000,000000,0000,0,81180111020000
481,0088189639,00002,07,84,2,41000000000,000000,0000,0,84241000000000
482,0088189639,00002,07,84,2,40201020000,074100,0000,0,84240201020000
483,0088189639,00002,07,14,2,11106010000,000000,0000,0,14211106010000
484,0088189639,00001,07,84,1,40511000000,000000,0000,0,84140511000000
485,0088189639,00006,08,84,2,40900000000,000000,0000,0,84240900000000
486,0088189639,00002,07,14,2,81100000000,000000,0000,0,14281100000000
487,0088189639,00001,07,81,1,80111010000,000000,0000,0,81180111010000
488,0088189639,00001,07,14,2,81100000000,000000,0000,0,14281100000000
489,0088189639,00001,07,14,1,11106090000,000000,0000,0,14111106090000
490,0151476104,00001,09,14,1,81300000000,000000,0000,0,14181300000000
491,0151476104,00001,09,72,1,50613000000,000000,0000,0,72150613000000
492,0151476104,00001,09,81,1,80113010000,000000,0000,0,81180113010000
493,0151476104,00001,09,84,1,41000000000,000000,0000,0,84141000000000
494,0151476104,00001,09,84,2,40201020000,087400,0000,0,84240201020000
495,0151476104,00001,09,14,1,11306020000,000000,0000,0,14111306020000
496,0151476104,00001,09,14,1,11306090000,000000,0000,0,14111306090000
497,0151476104,00001,09,84,1,40511000000,000000,0000,0,84140511000000
498,0151476104,00001,09,81,1,80113020000,000000,0000,0,81180113020000
499,0122329089,00004,09,14,1,81300000000,000000,0000,0,14181300000000
500,0122329089,00103,09,14,1,81300000000,000000,0000,0,14181300000000
501,0122329089,00006,09,14,1,81300000000,000000,0000,0,14181300000000
502,0122329089,00004,09,14,1,11306020000,002200,0000,0,14111306020000
503,0122329089,00103,99,84,2,40900000000,000000,0000,0,84240900000000
504,0122329089,00103,09,84,1,41000000000,000000,0000,0,84141000000000
505,0122329089,00006,09,14,1,11306020000,000000,0000,0,14111306020000
506,0122329089,00006,09,81,1,80113020000,000000,0000,0,81180113020000
507,0122329089,00006,09,84,1,41000000000,000000,0000,0,84141000000000
508,0122329089,00004,09,14,1,91301000000,000000,0000,0,14191301000000
509,0122329089,00006,09,81,1,80113010000,000000,0000,0,81180113010000
510,0122329089,00006,09,84,1,40511000000,000000,0000,0,84140511000000
511,0122329089,00004,09,15,1,50102000000,000000,0000,0,15150102000000
512,0122329089,00103,09,14,1,11306090000,000000,0000,0,14111306090000
513,0117454886,00001,09,72,1,50613000000,000000,0000,0,72150613000000
514,0117454886,00006,09,72,1,50313000000,000000,0000,0,72150313000000
515,0162004565,00487,09,14,1,61306020000,075100,0000,0,14161306020000
516,0162004565,00487,09,14,1,61306020000,076700,0000,0,14161306020000
517,0162004565,00342,09,14,1,61302000000,000000,0000,0,14161302000000
518,0168571933,00001,09,84,1,40511000000,000000,0000,0,84140511000000
519,0168571933,00001,09,81,1,80113020000,000000,0000,0,81180113020000
520,0168571933,00001,09,14,1,81300000000,000000,0000,0,14181300000000
521,0168571933,00001,09,81,1,80113010000,000000,0000,0,81180113010000
522,0168571933,00001,09,29,1,10201000000,000000,0000,0,29110201000000
523,0168571933,00001,09,14,1,11306020000,000000,0000,0,14111306020000
524,0168571933,00001,09,81,1,93713010000,000000,0000,0,81193713010000
525,0168571933,00001,09,71,1,20000000000,000000,0000,0,71120000000000
526,0102281934,00107,09,14,1,11306020000,000000,0000,0,14111306020000
527,0102281934,00107,09,84,1,41000000000,000000,0000,0,84141000000000
528,0102281934,00107,09,81,1,93713010000,000000,0000,0,81193713010000
529,0102281934,00107,09,29,1,10101000000,000000,0000,0,29110101000000
530,0102281934,00107,09,84,1,40900000000,000000,0000,0,84140900000000
531,0102281934,00107,09,14,1,81300000000,000000,0000,0,14181300000000
532,0168651791,00001,08,84,1,40511000000,000000,0000,0,84140511000000
533,0168651791,00001,08,14,1,11206020000,000000,0000,0,14111206020000
534,0168651791,00001,08,72,1,50612000000,000000,0000,0,72150612000000
535,0168651791,00001,08,81,1,80112010000,000000,0000,0,81180112010000
536,0168651791,00103,08,14,1,11206090000,000000,0000,0,14111206090000
537,0168651791,00103,08,84,1,41000000000,000000,0000,0,84141000000000
538,0168651791,00001,08,81,1,93712010000,000000,0000,0,81193712010000
539,0168651791,00001,08,29,1,10201000000,000000,0000,0,29110201000000
540,0168651791,00001,08,14,1,11202000000,000000,0000,0,14111202000000
541,0168651791,00103,08,81,1,93712010000,000000,0000,0,81193712010000
542,0168651791,00001,08,14,1,81200000000,000000,0000,0,14181200000000
543,0168651791,00001,08,81,1,80112020000,000000,0000,0,81180112020000
544,0168651791,00103,08,14,1,81200000000,000000,0000,0,14181200000000
545,0168651791,00103,08,14,1,11206020000,000000,0000,0,14111206020000
546,0165891236,00004,09,14,1,81300000000,000000,0000,0,14181300000000
547,0165891236,00004,09,81,1,93713010000,000000,0000,0,81193713010000
548,0165891236,00004,09,14,1,11306020000,000000,0000,0,14111306020000
549,0152616724,00103,08,81,1,80112020000,000000,0000,0,81180112020000
550,0152616724,00006,08,72,1,50612000000,000000,0000,0,72150612000000
551,0152616724,00103,08,81,1,93712010000,000000,0000,0,81193712010000
552,0152616724,00103,08,81,1,80112010000,000000,0000,0,81180112010000
553,0152616724,00103,08,14,1,81200000000,000000,0000,0,14181200000000
554,0152616724,00103,08,84,1,41000000000,000000,0000,0,84141000000000
555,0152616724,00001,08,72,1,50612000000,000000,0000,0,72150612000000
556,0152616724,00103,08,14,1,11206020000,000000,0000,0,14111206020000
557,0152616724,00103,99,84,1,40511000000,000000,0000,0,84140511000000
558,0152616724,00103,99,84,1,40900000000,000000,0000,0,84140900000000
559,0153547378,00001,10,72,1,50602000000,000000,0000,0,72150602000000
560,0103301645,00001,09,81,1,80113010000,000000,0000,0,81180113010000
561,0103301645,00001,09,84,2,40900000000,000000,0000,0,84240900000000
562,0103301645,00001,09,29,1,10201000000,000000,0000,0,29110201000000
563,0103301645,00006,09,81,1,80113010000,000000,0000,0,81180113010000
564,0103301645,00006,09,14,1,11306020000,000000,0000,0,14111306020000
565,0103301645,00006,09,84,1,40511000000,000000,0000,0,84140511000000
566,0103301645,00001,09,81,1,80113020000,000000,0000,0,81180113020000
567,0103301645,00006,09,84,1,41000000000,000000,0000,0,84141000000000
568,0103301645,00006,09,81,1,80113020000,000000,0000,0,81180113020000
569,0103301645,00006,09,14,1,81300000000,000000,0000,0,14181300000000
570,0103301645,00001,09,84,1,40511000000,000000,0000,0,84140511000000
571,0103301645,00001,09,14,1,11306020000,000000,0000,0,14111306020000
572,0103301645,00001,09,72,1,50613000000,000000,0000,0,72150613000000
573,0119379865,00123,09,84,1,41000000000,000000,0000,0,84141000000000
574,0119379865,00001,09,14,1,11302000000,000000,0000,0,14111302000000
575,0119379865,00001,09,14,1,51306020000,008900,0000,0,14151306020000
576,0119379865,00001,09,14,1,81300000000,000000,0000,0,14181300000000
577,0119379865,00123,09,29,1,10201000000,000000,0000,0,29110201000000
578,0119379865,00001,09,81,1,93713010000,000000,0000,0,81193713010000
579,0119379865,00123,09,81,1,93713010000,000000,0000,0,81193713010000
580,0119379865,00123,09,84,1,40900000000,000000,0000,0,84140900000000
581,0119379865,00001,09,14,2,51304000000,143000,0000,0,14251304000000
582,0119379865,00123,09,14,1,11306020000,000000,0000,0,14111306020000
583,0119379865,00001,09,14,2,91301000000,000000,0000,0,14291301000000
584,0119379865,00001,09,14,1,91301000000,000000,0000,0,14191301000000
585,0144029607,00004,09,14,1,91301000000,000000,0000,0,14191301000000
586,0144029607,00004,09,29,1,10104000000,000000,0000,0,29110104000000
587,0144029607,00004,09,84,1,41000000000,000000,0000,0,84141000000000
588,0144029607,00004,09,14,1,51319060000,008300,0000,0,14151319060000
589,0110771398,00278,10,81,1,92500000000,066500,0000,0,81192500000000
590,0110771398,00396,10,14,1,90201000000,198100,0000,0,14190201000000
591,0110771398,00396,10,14,1,60206090000,198100,0000,0,14160206090000
592,0149450971,00123,10,14,1,10206020000,000000,0000,0,14110206020000
593,0149450971,00123,10,81,1,80102020000,000000,0000,0,81180102020000
594,0149450971,00123,10,84,1,41000000000,000000,0000,0,84141000000000
595,0149450971,00123,10,81,1,80102010000,000000,0000,0,81180102010000
596,0149450971,00123,10,84,1,40511000000,000000,0000,0,84140511000000
597,0149450971,00123,10,84,1,40900000000,000000,0000,0,84140900000000
598,0149450971,00123,10,14,1,80200000000,000000,0000,0,14180200000000
599,0127114536,00001,08,81,1,80112010000,000000,0000,0,81180112010000
600,0127114536,00002,08,81,1,93712010000,000000,0000,0,81193712010000
601,0127114536,00006,08,81,1,80112020000,000000,0000,0,81180112020000
602,0127114536,00006,08,81,1,93712010000,000000,0000,0,81193712010000
603,0127114536,00002,08,14,1,81200000000,000000,0000,0,14181200000000
604,0127114536,00002,08,14,1,11206020000,000000,0000,0,14111206020000
605,0127114536,00006,08,14,1,81200000000,000000,0000,0,14181200000000
606,0127114536,00006,08,84,1,40511000000,000000,0000,0,84140511000000
607,0127114536,00006,08,84,1,41000000000,000000,0000,0,84141000000000
608,0127114536,00001,08,81,1,80112020000,000000,0000,0,81180112020000
609,0127114536,00002,08,14,1,91201000000,000000,0000,0,14191201000000
610,0127114536,00001,08,29,1,10201000000,000000,0000,0,29110201000000
611,0127114536,00001,08,14,1,11206020000,000000,0000,0,14111206020000
612,0127114536,00001,08,84,1,40511000000,000000,0000,0,84140511000000
613,0127114536,00001,08,84,1,41000000000,000000,0000,0,84141000000000
614,0127114536,00001,08,84,2,40201020000,019400,0000,0,84240201020000
615,0127114536,00006,08,72,1,50612000000,000000,0000,0,72150612000000
616,0127114536,00006,08,14,1,11206020000,000000,0000,0,14111206020000
617,0127114536,00002,08,14,1,51206010000,005700,0000,0,14151206010000
618,0127114536,00001,08,81,1,93712010000,000000,0000,0,81193712010000
619,0127114536,00002,08,84,1,41000000000,000000,0000,0,84141000000000
620,0127114536,00006,08,14,1,11202000000,000000,0000,0,14111202000000
621,0127114536,00001,08,14,1,81200000000,000000,0000,0,14181200000000
622,0127114536,00002,08,14,1,91201000000,005700,0000,0,14191201000000
623,0127114536,00006,08,81,1,80112010000,000000,0000,0,81180112010000
624,0200303393,00001,09,14,1,11306020000,000000,0000,0,14111306020000
625,0200303393,00001,09,29,1,10201000000,000000,0000,0,29110201000000
626,0200303393,00001,09,84,1,40511000000,000000,0000,0,84140511000000
627,0200303393,00001,09,81,1,80113010000,000000,0000,0,81180113010000
628,0200303393,00001,09,81,1,80113020000,000000,0000,0,81180113020000
629,0103799589,00278,10,81,1,30200000000,240400,0000,0,81130200000000
630,0154354042,00004,08,14,1,81200000000,000000,0000,0,14181200000000
631,0154354042,00004,08,71,1,20000000000,000000,0000,0,71120000000000
632,0154354042,00004,08,84,1,40511000000,000000,0000,0,84140511000000
633,0154354042,00004,08,14,1,11211000000,000000,0000,0,14111211000000
634,0154354042,00004,08,81,1,80112020000,000000,0000,0,81180112020000
635,0154354042,00004,08,14,1,11206020000,000000,0000,0,14111206020000
636,0154354042,00004,08,84,2,41000000000,000000,0000,0,84241000000000
637,0154354042,00004,08,81,1,80112010000,000000,0000,0,81180112010000
638,0154354042,00004,08,84,1,40209000000,000000,0000,0,84140209000000
639,0154354042,00004,08,84,1,40208000000,000000,0000,0,84140208000000
640,0143188116,00001,10,72,1,50602000000,000000,0000,0,72150602000000
641,0139097742,00278,10,81,1,30200000000,203900,0000,0,81130200000000
642,0167103871,00002,08,14,1,11206020000,000000,0000,0,14111206020000
643,0167103871,00006,08,14,1,81200000000,000000,0000,0,14181200000000
644,0167103871,00001,08,72,1,50612000000,000000,0000,0,72150612000000
645,0167103871,00001,08,14,1,11202000000,000000,0000,0,14111202000000
646,0167103871,00001,08,14,1,81200000000,000000,0000,0,14181200000000
647,0167103871,00006,08,84,2,40201020000,000000,0000,0,84240201020000
648,0167103871,00002,08,84,1,41000000000,000000,0000,0,84141000000000
649,0167103871,00002,08,84,1,40511000000,000000,0000,0,84140511000000
650,0167103871,00002,08,81,1,93712010000,000000,0000,0,81193712010000
651,0167103871,00006,08,84,1,41000000000,000000,0000,0,84141000000000
652,0167103871,00006,08,81,1,93712010000,000000,0000,0,81193712010000
653,0167103871,00006,08,14,1,11206020000,000000,0000,0,14111206020000
654,0167103871,00002,08,14,1,81200000000,000000,0000,0,14181200000000
655,0167103871,00002,08,81,1,80112010000,000000,0000,0,81180112010000
656,0104741398,00001,09,81,1,30200000000,079700,0000,0,81130200000000
657,0142373602,00106,10,84,1,40511000000,000000,0000,0,84140511000000
658,0142373602,00106,10,81,1,80102020000,000000,0000,0,81180102020000
659,0142373602,00106,10,84,1,41000000000,000000,0000,0,84141000000000
660,0142373602,00106,10,14,1,10206020000,000000,0000,0,14110206020000
661,0142373602,00106,10,81,1,80102010000,000000,0000,0,81180102010000
662,0142373602,00106,10,14,1,80200000000,000000,0000,0,14180200000000
663,0114425770,00006,09,14,1,81300000000,000000,0000,0,14181300000000
664,0114425770,00006,09,81,1,93713010000,000000,0000,0,81193713010000
665,0114425770,00006,09,14,1,11302000000,000000,0000,0,14111302000000
666,0114425770,00006,09,81,1,80113020000,000000,0000,0,81180113020000
667,0114425770,00006,09,81,1,80113010000,000000,0000,0,81180113010000
668,0114425770,00006,09,72,1,50613000000,000000,0000,0,72150613000000
669,0114425770,00006,09,84,1,41000000000,000000,0000,0,84141000000000
670,0114425770,00006,09,84,1,40511000000,000000,0000,0,84140511000000
671,0114425770,00006,09,14,1,11306020000,000000,0000,0,14111306020000
672,0154959297,00006,09,14,1,61319060000,057700,0000,0,14161319060000
673,0154959297,00006,09,14,1,91301000000,000000,0000,0,14191301000000
674,0154959297,00006,09,84,1,41000000000,000000,0000,0,84141000000000
675,0100748711,00001,09,14,1,51304000000,004400,0000,0,14151304000000
676,0100748711,00001,09,14,1,91301000000,000000,0000,0,14191301000000
677,0104699243,00006,09,84,1,41000000000,000000,0000,0,84141000000000
678,0104699243,00001,09,81,1,80113010000,000000,0000,0,81180113010000
679,0104699243,00004,09,72,1,50313000000,000000,0000,0,72150313000000
680,0104699243,00001,09,29,1,10201000000,000000,0000,0,29110201000000
681,0104699243,00006,09,14,1,81300000000,000000,0000,0,14181300000000
682,0104699243,00001,09,81,1,80113020000,000000,0000,0,81180113020000
683,0104699243,00001,09,84,1,40511000000,000000,0000,0,84140511000000
684,0104699243,00006,09,81,1,80113020000,000000,0000,0,81180113020000
685,0104699243,00006,09,81,1,93713010000,000000,0000,0,81193713010000
686,0104699243,00006,09,84,1,40511000000,000000,0000,0,84140511000000
687,0104699243,00006,09,14,1,11306020000,000000,0000,0,14111306020000
688,0104699243,00006,09,81,1,80113010000,000000,0000,0,81180113010000
689,0104699243,00001,09,14,1,11306020000,000000,0000,0,14111306020000
690,0155035927,00002,09,81,1,80113010000,000000,0000,0,81180113010000
691,0155035927,00002,09,84,1,40511000000,000000,0000,0,84140511000000
692,0155035927,00002,09,14,1,11306020000,000000,0000,0,14111306020000
693,0155035927,00002,09,14,1,81300000000,000000,0000,0,14181300000000
694,0141755854,00101,09,14,1,81300000000,000000,0000,0,14181300000000
695,0141755854,00101,09,81,1,93713010000,000000,0000,0,81193713010000
696,0141755854,00112,09,14,1,11306020000,000000,0000,0,14111306020000
697,0141755854,00101,09,29,1,10101000000,000000,0000,0,29110101000000
698,0141755854,00112,09,14,1,81300000000,000000,0000,0,14181300000000
699,0141755854,00101,09,14,1,11306020000,000000,0000,0,14111306020000
700,0104676987,00001,09,14,1,11304000000,000000,0000,0,14111304000000
701,0009092471,00368,09,81,2,30200000000,651600,0000,0,81230200000000
702,0113234482,00110,09,84,1,40900000000,000000,0000,0,84140900000000
703,0113234482,00110,09,14,1,61306020000,239900,0000,0,14161306020000
704,0113234482,00110,09,14,1,91301000000,239900,0000,0,14191301000000
705,0113234482,00110,09,84,1,41000000000,000000,0000,0,84141000000000
706,0113234482,00396,09,14,1,91301000000,267800,0000,0,14191301000000
707,0113234482,00001,09,81,1,30200000000,334600,0000,0,81130200000000
708,0113234482,00396,09,14,1,61306090000,267800,0000,0,14161306090000
709,0110812850,00001,08,81,1,80112020000,000000,0000,0,81180112020000
710,0110812850,00001,08,14,1,11206090000,000000,0000,0,14111206090000
711,0110812850,00001,08,72,2,50412000000,000000,0000,0,72250412000000
712,0110812850,00001,08,84,1,40511000000,000000,0000,0,84140511000000
713,0110812850,00001,08,71,2,20000000000,000000,0000,0,71220000000000
714,0110812850,00001,08,81,1,80112010000,000000,0000,0,81180112010000
715,0110812850,00001,08,14,1,81200000000,000000,0000,0,14181200000000
716,0117848035,00006,09,72,1,50613000000,000000,0000,0,72150613000000
717,0175075747,00006,08,14,1,81200000000,000000,0000,0,14181200000000
718,0175075747,00006,08,84,1,40511000000,000000,0000,0,84140511000000
719,0175075747,00004,08,14,1,81200000000,000000,0000,0,14181200000000
720,0175075747,00001,08,14,1,11202000000,000000,0000,0,14111202000000
721,0175075747,00006,08,81,1,80112010000,000000,0000,0,81180112010000
722,0175075747,00006,08,81,1,80112020000,000000,0000,0,81180112020000
723,0175075747,00004,08,84,2,41000000000,000000,0000,0,84241000000000
724,0175075747,00004,08,14,1,11206020000,000000,0000,0,14111206020000
725,0175075747,00001,08,84,2,40201020000,071400,0000,0,84240201020000
726,0175075747,00004,08,84,2,40201020000,029700,0000,0,84240201020000
727,0175075747,00006,08,71,1,20000000000,000000,0000,0,71120000000000
728,0175075747,00001,08,81,1,93712010000,000000,0000,0,81193712010000
729,0175075747,00001,08,14,1,81200000000,000000,0000,0,14181200000000
730,0175075747,00006,08,84,2,40201020000,000000,0000,0,84240201020000
731,0175075747,00006,08,84,1,41000000000,000000,0000,0,84141000000000
732,0175075747,00006,08,14,1,11206020000,000000,0000,0,14111206020000
733,0008457263,00480,10,81,2,30200000000,840500,0000,0,81230200000000
734,0008457263,00480,10,81,2,30200000000,748400,0000,0,81230200000000
735,0176590238,00001,10,14,1,50204000000,009100,0000,0,14150204000000
736,0176590238,00001,10,14,1,90201000000,000000,0000,0,14190201000000
737,0112245618,00301,10,14,2,50205010000,333000,0000,0,14250205010000
738,0109618063,00055,09,84,2,40900000000,168800,0000,0,84240900000000
739,0109618063,00001,09,14,1,41306020000,000000,0000,0,14141306020000
740,0109618063,00055,09,84,2,41000000000,000000,0000,0,84241000000000
741,0109618063,00001,09,84,2,40201020000,097200,0000,0,84240201020000
742,0109618063,00001,09,81,1,93713010000,000000,0000,0,81193713010000
743,0109618063,00001,09,84,2,40201020000,019500,0000,0,84240201020000
744,0153538727,00001,10,81,1,30200000000,226700,0000,0,81130200000000
745,0153538727,00001,10,14,1,90201000000,000000,0000,0,14190201000000
746,0153538727,00001,10,14,1,50204000000,152400,0000,0,14150204000000
747,0148718989,00004,09,14,1,91301000000,000000,0000,0,14191301000000
748,0148718989,00004,09,84,1,40209000000,000000,0000,0,84140209000000
749,0148718989,00004,09,14,1,51311000000,025000,0000,0,14151311000000
750,0148718989,00004,09,84,1,40208000000,000000,0000,0,84140208000000
751,0108619449,00382,09,14,1,51319060000,143600,0000,0,14151319060000
752,0108619449,00001,09,81,1,30200000000,046800,0000,0,81130200000000
753,0108619449,00004,09,81,1,30200000000,082300,0000,0,81130200000000
754,0103399211,00001,09,81,1,30200000000,113600,0000,0,81130200000000
755,0164313620,00123,09,84,1,41000000000,000000,0000,0,84141000000000
756,0164313620,00004,09,81,1,30200000000,039900,0000,0,81130200000000
757,0164313620,00123,09,84,1,40900000000,000000,0000,0,84140900000000
758,0164313620,00004,09,72,1,50313000000,000000,0000,0,72150313000000
759,0164313620,00123,09,81,1,30200000000,072800,0000,0,81130200000000
760,0098316892,00001,10,84,2,40900000000,000000,0000,0,84240900000000
761,0126738714,00001,09,72,1,50613000000,000000,0000,0,72150613000000
762,0126738714,00103,09,81,1,93713010000,000000,0000,0,81193713010000
763,0126738714,00001,09,81,1,80113010000,000000,0000,0,81180113010000
764,0126738714,00001,09,14,1,11302000000,000000,0000,0,14111302000000
765,0126738714,00001,09,81,1,93713010000,000000,0000,0,81193713010000
766,0126738714,00103,09,84,1,41000000000,000000,0000,0,84141000000000
767,0126738714,00001,09,14,1,11306020000,000000,0000,0,14111306020000
768,0126738714,00001,09,29,1,10201000000,000000,0000,0,29110201000000
769,0126738714,00001,09,14,1,81300000000,000000,0000,0,14181300000000
770,0126738714,00103,09,14,1,11306020000,000000,0000,0,14111306020000
771,0126738714,00001,09,84,1,40511000000,000000,0000,0,84140511000000
772,0126738714,00006,09,14,1,11306020000,000000,0000,0,14111306020000
773,0126738714,00006,09,81,1,93713010000,000000,0000,0,81193713010000
774,0126738714,00103,09,14,1,81300000000,000000,0000,0,14181300000000
775,0126738714,00006,09,14,1,81300000000,000000,0000,0,14181300000000
776,0126738714,00001,09,81,1,80113020000,000000,0000,0,81180113020000
777,0139563549,00001,09,81,1,80113010000,000000,0000,0,81180113010000
778,0139563549,00001,09,29,1,10201000000,000000,0000,0,29110201000000
779,0139563549,00001,09,72,1,50613000000,000000,0000,0,72150613000000
780,0139563549,00123,09,84,1,40900000000,000000,0000,0,84140900000000
781,0139563549,00123,09,81,1,93713010000,000000,0000,0,81193713010000
782,0139563549,00123,09,14,1,11306020000,000000,0000,0,14111306020000
783,0139563549,00001,09,81,1,93713010000,000000,0000,0,81193713010000
784,0139563549,00123,09,84,1,41000000000,000000,0000,0,84141000000000
785,0139563549,00001,09,81,1,80113020000,000000,0000,0,81180113020000
786,0139563549,00001,09,14,1,11306020000,000000,0000,0,14111306020000
787,0139563549,00001,09,14,1,11302000000,000000,0000,0,14111302000000
788,0139563549,00001,09,14,1,81300000000,000000,0000,0,14181300000000
789,0139563549,00001,09,84,1,40511000000,000000,0000,0,84140511000000
790,0139563549,00123,09,29,1,10201000000,000000,0000,0,29110201000000
791,0156166022,00001,09,14,1,11302000000,000500,0000,0,14111302000000
792,0156166022,00106,09,81,1,80113020000,000000,0000,0,81180113020000
793,0156166022,00001,09,14,1,81300000000,000000,0000,0,14181300000000
794,0156166022,00001,09,81,1,93713010000,000000,0000,0,81193713010000
795,0156166022,00106,09,14,1,81300000000,000000,0000,0,14181300000000
796,0156166022,00106,09,84,1,41000000000,000000,0000,0,84141000000000
797,0156166022,00001,09,14,1,81300000000,000500,0000,0,14181300000000
798,0156166022,00106,09,14,1,11306020000,000000,0000,0,14111306020000
799,0156166022,00106,09,84,1,40511000000,000000,0000,0,84140511000000
800,0156166022,00001,09,14,1,11306020000,000000,0000,0,14111306020000
801,0156166022,00001,09,14,1,11304000000,000000,0000,0,14111304000000
802,0156166022,00106,09,81,1,80113010000,000000,0000,0,81180113010000
803,0156166022,00001,09,84,1,41000000000,000000,0000,0,84141000000000
804,0095786774,00006,08,71,1,20000000000,000000,0000,0,71120000000000
805,0095786774,00006,08,14,1,11206020000,000000,0000,0,14111206020000
806,0095786774,00006,08,81,1,80112010000,000000,0000,0,81180112010000
807,0095786774,00006,08,84,1,40511000000,000000,0000,0,84140511000000
808,0095786774,00006,08,81,1,80112020000,000000,0000,0,81180112020000
809,0095786774,00006,08,84,2,40201020000,000000,0000,0,84240201020000
810,0095786774,00006,08,14,1,81200000000,000000,0000,0,14181200000000
811,0095786774,00006,08,84,1,41000000000,000000,0000,0,84141000000000
812,0095501265,00103,09,84,1,41000000000,000000,0000,0,84141000000000
813,0095501265,00101,09,14,1,11306020000,000000,0000,0,14111306020000
814,0095501265,00101,09,81,1,80113010000,000000,0000,0,81180113010000
815,0095501265,00101,09,14,1,81300000000,000000,0000,0,14181300000000
816,0095501265,00101,09,84,1,41000000000,000000,0000,0,84141000000000
817,0095501265,00103,09,14,1,11306020000,000000,0000,0,14111306020000
818,0095501265,00101,09,81,1,80113020000,000000,0000,0,81180113020000
819,0095501265,00101,09,29,1,10101000000,000000,0000,0,29110101000000
820,0095501265,00101,09,84,1,40511000000,000000,0000,0,84140511000000
821,0095501265,00103,09,14,1,81300000000,000000,0000,0,14181300000000
822,0095501265,00103,09,81,1,93713010000,000000,0000,0,81193713010000
823,0095501265,00101,09,81,1,93713010000,000000,0000,0,81193713010000
824,0087202771,00006,10,14,1,10202010000,000000,0000,0,14110202010000
825,0087202771,00006,10,81,1,93702010000,000000,0000,0,81193702010000
826,0087202771,00006,10,14,1,10202090000,000000,0000,0,14110202090000
827,0087202771,00006,10,14,1,80200000000,000000,0000,0,14180200000000
828,0087202771,00006,10,72,1,50602000000,000000,0000,0,72150602000000
829,0169852022,00103,99,84,2,40900000000,000000,0000,0,84240900000000
830,0113443464,00004,09,81,1,30200000000,021000,0000,0,81130200000000
831,0113443464,00001,09,84,2,40900000000,000000,0000,0,84240900000000
832,0167937888,00001,08,29,1,10201000000,000000,0000,0,29110201000000
833,0167937888,00001,08,14,1,11206020000,000000,0000,0,14111206020000
834,0167937888,00001,08,84,1,40511000000,000000,0000,0,84140511000000
835,0167937888,00103,10,14,1,80200000000,000000,0000,0,14180200000000
836,0167937888,00103,10,14,1,10206020000,000000,0000,0,14110206020000
837,0167937888,00103,10,84,1,41000000000,000000,0000,0,84141000000000
838,0167937888,00001,08,81,1,80112010000,000000,0000,0,81180112010000
839,0167937888,00001,08,81,1,80112020000,000000,0000,0,81180112020000
840,0152627289,00001,10,81,1,30200000000,212100,0000,0,81130200000000
841,0152627289,00001,10,14,1,90201000000,000000,0000,0,14190201000000
842,0152627289,00001,10,14,1,50204000000,121600,0000,0,14150204000000
843,0132449236,00001,10,72,1,50602000000,000000,0000,0,72150602000000
844,0110173733,00001,10,81,1,30200000000,283500,0000,0,81130200000000
845,0124540968,00002,09,14,1,11306020000,000000,0000,0,14111306020000
846,0124540968,00006,09,81,1,93713010000,000000,0000,0,81193713010000
847,0124540968,00006,09,14,1,11306020000,000000,0000,0,14111306020000
848,0124540968,00006,09,14,1,81300000000,000000,0000,0,14181300000000
849,0124540968,00006,09,72,1,50313000000,000000,0000,0,72150313000000
850,0124540968,00002,09,84,1,40511000000,000000,0000,0,84140511000000
851,0124540968,00002,09,81,1,80113010000,000000,0000,0,81180113010000
852,0124540968,00006,09,84,1,40511000000,000000,0000,0,84140511000000
853,0124540968,00002,09,14,1,81300000000,000000,0000,0,14181300000000
854,0124540968,00006,09,81,1,80113020000,000000,0000,0,81180113020000
855,0124540968,00006,09,84,1,41000000000,000000,0000,0,84141000000000
856,0124540968,00006,09,81,1,80113010000,000000,0000,0,81180113010000
857,0166939135,00001,08,84,1,40511000000,000000,0000,0,84140511000000
858,0166939135,00001,08,72,1,50612000000,000000,0000,0,72150612000000
859,0166939135,00001,08,84,2,40201020000,019500,0000,0,84240201020000
860,0166939135,00001,08,81,1,80112020000,000000,0000,0,81180112020000
